	Est.	lower .95	upper .95	p
RMST (arm=1)-(arm=0)	0.901669752860412	0.577305268296952	1.22603423742387	5.08489310994165e-08
RMST (arm=1)/(arm=0)	1.0821710882653	1.05135988554781	1.11388524555235	8.39547001114878e-08
RMTL (arm=1)/(arm=0)	0.445781851391497	0.330633007731178	0.60103333419028	1.16323048040528e-07
