	Est.	lower .95	upper .95	p
RMST (arm=1)-(arm=0)	1.46578539565712	-0.571778732623441	3.50334952393768	0.158551107915796
RMST (arm=1)/(arm=0)	1.06754382298007	0.974247080929265	1.16977493316774	0.16127417778013
RMTL (arm=1)/(arm=0)	0.925337246244298	0.831128512652621	1.03022457568467	0.156650068947874
