	Est.	lower .95	upper .95	p
RMST (arm=1)-(arm=0)	-3.85293873542986	-6.07500696587368	-1.63087050498604	0.000677651278675264
RMST (arm=1)/(arm=0)	0.788469626730013	0.688477452525719	0.902984331578444	0.000592829606980192
RMTL (arm=1)/(arm=0)	1.3662926375982	1.12838717335551	1.65435731248507	0.00138655306410591
