	Est.	lower .95	upper .95	p
Bev	27.0500925858124	17.3191580489086	36.7810271227162	5.08489310994134e-08
Stage34	-29.7320644388308	-39.3248352187768	-20.1392936588849	1.2417367568631e-09
Optimal	27.4277858066716	15.671746591006	39.1838250223373	4.81355745338692e-06
Age_high	-11.4531045497272	-22.99305351722	0.0868444177655903	0.0517492052653749
Serous	5.44852266936164	-6.26236797431707	17.1594133130403	0.361832734286087
