	est	se	lcl	ucl	p-value
Bev	30.968277	31.302044	-30.382602	92.319157	0.322498
Stage34	-394.68776	66.300606	-524.63456	-264.740961	0
Optimal	205.072322	38.870598	128.88735	281.257294	0
Age_high	-67.188915	32.102252	-130.108172	-4.269657	0.036352
Serous	6.489056	36.926307	-65.885176	78.863288	0.860506
