	est	se	lcl	ucl	p-value
Bev	0.82218	0.070003	0.716771	0.943091	0.005159
Stage34	0.588592	0.080556	0.502625	0.689261	0
Optimal	1.358492	0.166091	0.981024	1.881198	0.065093
Age_high	0.901535	0.083288	0.765751	1.061395	0.213292
Serous	0.897988	0.081019	0.766138	1.052528	0.184153
