	Est.	lower .95	upper .95	p
Bev	1.0821710882653	1.05135988554781	1.11388524555235	8.39547001114738e-08
Stage34	0.919196680130647	0.894825812600606	0.944231296041439	7.96910562705676e-10
Optimal	1.0848081745912	1.0466722244166	1.12433362442175	8.26495449203893e-06
Age_high	0.966936611454294	0.934431556105538	1.00057238484904	0.0539590190883938
Serous	1.01605620649329	0.981706043230861	1.05160829137401	0.364006435647175
