	Est.	lower .95	upper .95	p
Bev	-115.588162062896	-182.25020897621	-48.9261151495812	0.000677651278675264
Stage34	-290.810055949497	-345.104046288753	-236.516065610242	8.82481244211496e-26
Optimal	222.960202735008	159.824469782123	286.095935687894	4.46886552144535e-12
Age_high	-87.0026276164171	-152.400337335386	-21.604917897448	0.00912163015425025
Serous	-159.505725192547	-231.110580421951	-87.9008699631425	1.26553163213414e-05
