	Est.	lower .95	upper .95	p
Bev	0.788469626730013	0.688477452525719	0.902984331578443	0.000592829606980179
Stage34	0.567840772187485	0.511286105804202	0.630651095146246	4.00006747317199e-26
Optimal	1.80801189002537	1.46922246630142	2.22492309330265	2.2176797722587e-08
Age_high	0.815141503891041	0.692356338692698	0.95970186771218	0.0141369377709049
Serous	0.731382756893322	0.639585630714389	0.836355151511758	4.84253816332599e-06
