	est	se	lcl	ucl	p-value
Bev	-94.82763	34.244914	-161.946428	-27.708832	0.005621
Stage34	-277.664453	49.144576	-373.986051	-181.342855	0
Optimal	126.670332	59.717889	9.625421	243.715244	0.03391
Age_high	-45.433921	35.377527	-114.7726	23.904757	0.199051
Serous	-52.35888	40.337406	-131.418744	26.700984	0.194279
