	est	se	lcl	ucl	p-value
Bev	25.560899	4.950383	15.858326	35.263471	0
Stage34	-24.334437	11.723791	-47.312645	-1.356229	0.037927
Optimal	31.477366	9.849428	12.172842	50.781889	0.001394
Age_high	-8.253057	5.946824	-19.908617	3.402504	0.165195
Serous	13.936716	6.466864	1.261896	26.611537	0.031154
