	Est.	lower .95	upper .95	p
Bev	43.9735618697136	-17.1533619787032	105.100485718131	0.158551107915796
Stage34	-413.377509148922	-475.209091033206	-351.545927264637	3.14759259687369e-39
Optimal	254.542951892419	202.199769015887	306.886134768952	1.5542762055651e-21
Age_high	-108.67523352573	-167.915912476293	-49.4345545751662	0.000323775793310474
Serous	-115.094004134548	-186.696417832444	-43.4915904366519	0.00163016985288461
