	est	se	lcl	ucl	p-value
Bev	1.046968	0.046612	0.955558	1.147122	0.324779
Stage34	0.599779	0.07012	0.522763	0.688142	0
Optimal	1.413014	0.074567	1.220886	1.635378	4e-06
Age_high	0.900046	0.051723	0.813276	0.996073	0.041747
Serous	1.009756	0.055381	0.905891	1.12553	0.860837
