	Est.	lower .95	upper .95	p
Bev	1.06754382298007	0.974247080929265	1.16977493316774	0.161274177780133
Stage34	0.585363317764258	0.544117432764997	0.629735776048861	8.59998773543044e-47
Optimal	1.5401405681631	1.39728265441204	1.69760424793929	3.45321110748598e-18
Age_high	0.841051308817113	0.762260684152129	0.927986079788163	0.000562301940124813
Serous	0.84819189781987	0.768670594855473	0.935939920613903	0.00104529601127585
