	est	se	lcl	ucl	p-value
Bev	1.077367	0.014655	1.046862	1.10876	0
Stage34	0.932926	0.032463	0.875417	0.994214	0.032459
Optimal	1.09912	0.030797	1.034739	1.167507	0.002149
Age_high	0.976111	0.017539	0.943127	1.010249	0.168023
Serous	1.041861	0.019281	1.003225	1.081986	0.033425
