	Est.	lower .95	upper .95	p
RMST (arm=1)-(arm=0)	0.593005080362564	0.184383786422778	1.00162637430235	0.00444998701455203
RMST (arm=1)/(arm=0)	1.05178806444667	1.0154731898081	1.08940161455324	0.00485560170185048
RMTL (arm=1)/(arm=0)	0.484068425911836	0.291403579540893	0.804115863415055	0.00508030607668004
