	Est.	lower .95	upper .95	p
RMST (arm=1)-(arm=0)	0.686927401005583	-2.43487948743418	3.80873428944535	0.666269427335671
RMST (arm=1)/(arm=0)	1.03101295814689	0.896852740789275	1.18524220479198	0.667631584298985
RMTL (arm=1)/(arm=0)	0.964192026513824	0.817557451226266	1.13712652560186	0.664847423155669
