	Est.	lower .95	upper .95	p
RMST (arm=1)-(arm=0)	-3.56753120303765	-6.97211803240693	-0.162944373668374	0.0399981176957455
RMST (arm=1)/(arm=0)	0.787602782722626	0.630667020917718	0.983590583902365	0.0352132863095873
RMTL (arm=1)/(arm=0)	1.298867630403	0.996128832529643	1.6936133823418	0.0534438526428913
