	Est.	lower .95	upper .95	p
RMST (arm=1)-(arm=0)	0.909019049434313	0.303984426557672	1.51405367231095	0.0032326941852583
RMST (arm=1)/(arm=0)	1.08472187673767	1.02706988838008	1.14561001464963	0.00351689769050496
RMTL (arm=1)/(arm=0)	0.514036765727341	0.319891369467645	0.826011020425954	0.00596271179069168
