	Est.	lower .95	upper .95	p
RMST (arm=1)-(arm=0)	1.02826815236379	-1.94782786116721	4.00436416589479	0.498288377711084
RMST (arm=1)/(arm=0)	1.05323078061036	0.905674930485188	1.22482696593007	0.5006622166758
RMTL (arm=1)/(arm=0)	0.946396424967349	0.807444830078974	1.10925992690222	0.496477637264564
