	Est.	lower .95	upper .95	p
RMST (arm=1)-(arm=0)	-4.78295504572841	-8.10365186493723	-1.46225822651959	0.0047572437724945
RMST (arm=1)/(arm=0)	0.709778445257584	0.562130342101681	0.8962075227406	0.00396544685850779
RMTL (arm=1)/(arm=0)	1.50776398011836	1.09852986887095	2.06944962004436	0.0110341002018393
