	Est.	lower .95	upper .95	p
RMST (arm=1)-(arm=0)	0.799263141341608	-1.46535817693803	3.06388445962125	0.489101226833522
RMST (arm=1)/(arm=0)	1.03796578635772	0.93349773250799	1.15412489621658	0.491149788280365
RMTL (arm=1)/(arm=0)	0.960590814383637	0.857574292185324	1.07598224560446	0.487262542812556
