	Est.	lower .95	upper .95	p
RMST (arm=1)-(arm=0)	-4.53581423893328	-7.08595812625691	-1.98567035160965	0.000490135037219542
RMST (arm=1)/(arm=0)	0.737393452205621	0.624006878476491	0.87138318840857	0.000348721525846062
RMTL (arm=1)/(arm=0)	1.39575898770673	1.13850433874768	1.71114249235712	0.00133698012264563
