	Est.	lower .95	upper .95	p
RMST (arm=1)-(arm=0)	0.785834491528931	0.421422346465974	1.15024663659189	2.37298236397486e-05
RMST (arm=1)/(arm=0)	1.07093463716374	1.03705627951961	1.10591972656325	2.93455811583311e-05
RMTL (arm=1)/(arm=0)	0.483584543562451	0.340357396097077	0.687083675730685	5.02972539055525e-05
